{
  "best_model": "random_forest",
  "results": [
    {
      "model": "logistic_regression",
      "accuracy": 0.8107444359171143,
      "precision": 0.5478128179043744,
      "recall": 0.7579169598874033,
      "f1_score": 0.6359610274579274,
      "roc_auc": 0.8635975815126018,
      "confusion_matrix": [
        [
          4205,
          889
        ],
        [
          344,
          1077
        ]
      ],
      "classification_report": {
        "0": {
          "precision": 0.9243789843921741,
          "recall": 0.8254809579897919,
          "f1-score": 0.8721352276262574,
          "support": 5094.0
        },
        "1": {
          "precision": 0.5478128179043744,
          "recall": 0.7579169598874033,
          "f1-score": 0.6359610274579274,
          "support": 1421.0
        },
        "accuracy": 0.8107444359171143,
        "macro avg": {
          "precision": 0.7360959011482743,
          "recall": 0.7916989589385977,
          "f1-score": 0.7540481275420924,
          "support": 6515.0
        },
        "weighted avg": {
          "precision": 0.842245366191228,
          "recall": 0.8107444359171143,
          "f1-score": 0.820622788878875,
          "support": 6515.0
        }
      }
    },
    {
      "model": "random_forest",
      "accuracy": 0.9303146584804298,
      "precision": 0.9772951628825272,
      "recall": 0.6966924700914848,
      "f1_score": 0.8134757600657354,
      "roc_auc": 0.9308144117888413,
      "confusion_matrix": [
        [
          5071,
          23
        ],
        [
          431,
          990
        ]
      ],
      "classification_report": {
        "0": {
          "precision": 0.9216648491457652,
          "recall": 0.9954848841774637,
          "f1-score": 0.9571536428841072,
          "support": 5094.0
        },
        "1": {
          "precision": 0.9772951628825272,
          "recall": 0.6966924700914848,
          "f1-score": 0.8134757600657354,
          "support": 1421.0
        },
        "accuracy": 0.9303146584804298,
        "macro avg": {
          "precision": 0.9494800060141462,
          "recall": 0.8460886771344742,
          "f1-score": 0.8853147014749213,
          "support": 6515.0
        },
        "weighted avg": {
          "precision": 0.9337984908679354,
          "recall": 0.9303146584804298,
          "f1-score": 0.9258157654497393,
          "support": 6515.0
        }
      }
    },
    {
      "model": "gradient_boosting",
      "accuracy": 0.9231005372217959,
      "precision": 0.944015444015444,
      "recall": 0.6882477128782547,
      "f1_score": 0.796092796092796,
      "roc_auc": 0.9206247667012868,
      "confusion_matrix": [
        [
          5036,
          58
        ],
        [
          443,
          978
        ]
      ],
      "classification_report": {
        "0": {
          "precision": 0.9191458295309363,
          "recall": 0.9886140557518649,
          "f1-score": 0.9526151518017592,
          "support": 5094.0
        },
        "1": {
          "precision": 0.944015444015444,
          "recall": 0.6882477128782547,
          "f1-score": 0.796092796092796,
          "support": 1421.0
        },
        "accuracy": 0.9231005372217959,
        "macro avg": {
          "precision": 0.9315806367731901,
          "recall": 0.8384308843150599,
          "f1-score": 0.8743539739472777,
          "support": 6515.0
        },
        "weighted avg": {
          "precision": 0.9245701921069125,
          "recall": 0.9231005372217959,
          "f1-score": 0.9184757400653912,
          "support": 6515.0
        }
      }
    }
  ]
}